Volker von Weimer|V. von Weimer
Dusan von Rosemann|D. von Rosemann
Karsten Carsten|K. Carsten
Gerlinde Kraus|G. Kraus
Johanne Heß|J. Heß
Roy Falk Kraushaar|R.F. Kraushaar
Harry von Bachmann|H. von Bachmann
Prof. Cilly Buchholz|C. Buchholz
Diane Zirme|D. Zirme
Mohammad von Plath|M. von Plath
Franka Johann|F. Johann
Goran Stolze|G. Stolze
Ada zu Hoffmann|A. zu Hoffmann
Albina Hettner|A. Hettner
Georg Wernecke|G. Wernecke
Angelique Riehl|A. Riehl
Zdenka Mende|Z. Mende
Liselotte Sophie Drub|L.S. Drub
Elisabet Stey|E. Stey
Falko von Otto|F. von Otto
Tatiana Becker|T. Becker
Prof. Rosa-Maria von Finke|R.-M. von Finke
Imelda Tlustek|I. Tlustek
Heribert von Mans|H. von Mans
Holger Heinz|H. Heinz
Serpil Baum|S. Baum
Prof. Ruth Schwital|R. Schwital
Dr. Klaas Gierschner|K. Gierschner
Bernd Gnatz|B. Gnatz
Hans-Wilhelm Walter|H.-W. Walter
Hans-Martin Rust|H.-M. Rust
Arnulf Dippel|A. Dippel
Hendrik Köster|H. Köster
Sigmund von Gierschner|S. von Gierschner
Rosmarie Ullmann|R. Ullmann
Dipl.-Ing. Alida Rohleder|A. Rohleder
Pascale Gieß|P. Gieß
Nikolaos Heuser|N. Heuser
Hans Reinhardt Mark Mies|H.R.M. Mies
Dipl.-Ing. Nadia von Fröhlich|N. von Fröhlich
Jochen Linke|J. Linke
Dr. Rahel Butte|R. Butte
Rena Börner|R. Börner
Gudula zu Fiebig|G. zu Fiebig
Ingelore Holsten|I. Holsten
Karl Martin|K. Martin
Wigbert von Gotthard|W. von Gotthard
Mia Koch|M. Koch
Wigbert Tschentscher|W. Tschentscher
Carlos Mohammed Holsten|C.M. Holsten
Dr. Editha Heser|E. Heser
Gudrun Möchlichen|G. Möchlichen
Dipl.-Ing. Friedl Barkholz|F. Barkholz
Ismail Kambs|I. Kambs
Rico Karz|R. Karz
Dr. Ahmad Seifert|A. Seifert
Gabriella Adolph|G. Adolph
Jo Wilmsen|J. Wilmsen
Pascal Juncken|P. Juncken
Hans-Joachim von Karz|H.-J. von Karz
Dr. Thaddäus Jockel|T. Jockel
Lars Ernst|L. Ernst
Gülsen von Hein|G. von Hein
Irmela Werner|I. Werner
Mareen Römer|M. Römer
Elzbieta Drewes|E. Drewes
Claudius Mälzer|C. Mälzer
Leyla Scholtz|L. Scholtz
Carsten Schleich|C. Schleich
Friedlinde Vogt|F. Vogt
Jaroslaw Salz|J. Salz
Adalbert Ladeck|A. Ladeck
Annelies von Oestrovsky|A. von Oestrovsky
Dr. Sofie Ruppersberger|S. Ruppersberger
Sergei Wirth|S. Wirth
Cengiz Roskoth|C. Roskoth
Paulina Anders|P. Anders
Christiane Radisch|C. Radisch
Eggert Seip|E. Seip
Antonina Trapp|A. Trapp
Dr. Francisco Zorbach|F. Zorbach
Dr. Luise Wilms|L. Wilms
Edit Luka Pruschke|E.L. Pruschke
Malgorzata Dippel|M. Dippel
Prof. Wiltrud Zobel|W. Zobel
Eva-Maria Weihmann|E.-M. Weihmann
Theo Salz|T. Salz
Dr. Elma Fröhlich|E. Fröhlich
Friedlinde Warmer|F. Warmer
Rose-Marie von Kensy|R.-M. von Kensy
Eva-Marie Tintzmann|E.-M. Tintzmann
Dr. Sybille von Binner|S. von Binner
Anka Rust|A. Rust
Traugott Wilmsen|T. Wilmsen
Käte Blümel|K. Blümel
Anna-Lena Schweitzer|A.-L. Schweitzer
Dariusz Siering|D. Siering
Betina Gude|B. Gude
Lucia von Finke|L. von Finke
Hansjörg Werner|H. Werner
Dr. Eggert Kenneth Binner|E.K. Binner
Elizabeth Catharina Trude Kallert|E.C.T. Kallert
Dipl.-Ing. Muzaffer Henryk Kitzmann|M.H. Kitzmann
Dr. Birte Gieß|B. Gieß
Helge Wulf|H. Wulf
Stefani Matthäi|S. Matthäi
Hanns Cichorius|H. Cichorius
Sergio Müller|S. Müller
Bernd-Dieter Gertz|B.-D. Gertz
Patrizia Dörr|P. Dörr
Andreas Geisler|A. Geisler
Adeline Ruppert|A. Ruppert
Eckart Baum|E. Baum
Steve von Blümel|S. von Blümel
Margrit Schlosser|M. Schlosser
Prof. Waldtraut von Rosenow|W. von Rosenow
Dipl.-Ing. Florence von Mans|F. von Mans
Magdalene Becker|M. Becker
Krista Schomber|K. Schomber
Friedl Klingelhöfer|F. Klingelhöfer
Helen von Mangold|H. von Mangold
Ivanka Zimmer|I. Zimmer
Dr. Geraldine Hauffer|G. Hauffer
Prof. Lisette Sager|L. Sager
Gertraut Vollbrecht|G. Vollbrecht
Diethelm Ruppersberger|D. Ruppersberger
Dr. Margret Steuer|M. Steuer
Horst-Peter Vollbrecht|H.-P. Vollbrecht
Heidelinde Hornig|H. Hornig
Mandy Wesack|M. Wesack
Prof. Ralph Alexandre Butte|R.A. Butte
Prof. Hans-Jürgen Bärer|H.-J. Bärer
Helge Eigenwillig|H. Eigenwillig
Ingolf zu Speer|I. zu Speer
Guenther Hornig|G. Hornig
Dr. Miguel Becker|M. Becker
Anne-Rose Gorlitz|A.-R. Gorlitz
Klaudia Holsten|K. Holsten
Marica Müller|M. Müller
Dipl.-Ing. Wieslaw Jähn|W. Jähn
Henny Jopich|H. Jopich
Gottlob Stumpf|G. Stumpf
Dipl.-Ing. Maik Hermighausen|M. Hermighausen
Karl-Dieter von Franke|K.-D. von Franke
Juliana Davids|J. Davids
Dino Adler|D. Adler
Reimund Käster|R. Käster
Gerhart Kambs|G. Kambs
Jolanda von Warmer|J. von Warmer
Margareta Segebahn|M. Segebahn
Karoline von Scheuermann|K. von Scheuermann
Prof. Ditmar Klingelhöfer|D. Klingelhöfer
Hans-Albert Täsche|H.-A. Täsche
Philomena Blümel|P. Blümel
Hubertus Andrew Süßebier|H.A. Süßebier
Dipl.-Ing. Rebecca Schmiedecke|R. Schmiedecke
Marcel Oestrovsky|M. Oestrovsky
Alfredo Kroker|A. Kroker
Ewa Kranz|E. Kranz
Dr. Olav Cichorius|O. Cichorius
Reimer Knappe|R. Knappe
Maurizio Beckmann|M. Beckmann
Lisa von Junk|L. von Junk
Margaret Geißler|M. Geißler
Moritz Martin|M. Martin
Raphael Robert Dippel|R.R. Dippel
Dr. Carla Meta Margraf|C.M. Margraf
Eberhardt Beckmann|E. Beckmann
Raisa Sauer|R. Sauer
Cemil Hamann|C. Hamann
Ivana von Liebelt|I. von Liebelt
Prof. Friedhilde Dowerg|F. Dowerg
Milan Säuberlich|M. Säuberlich
Marliese Graf|M. Graf
Reginald Weitzel|R. Weitzel
Benita Haase|B. Haase
Frida Käster|F. Käster
Rigo Kaul|R. Kaul
Heinrich Wohlgemut|H. Wohlgemut
Roselinde Heydrich|R. Heydrich
Julie Sauer|J. Sauer
Dr. Hansjörg Caspar|H. Caspar
Heinz-Günter Höfig|H.-G. Höfig
Isidor Hoffmann|I. Hoffmann
Sükrü Rudolph|S. Rudolph
Klaus-Jürgen Knappe|K.-J. Knappe
Lissi Misicher|L. Misicher
Dr. Christa Jüttner|C. Jüttner
Hanno Hartmann|H. Hartmann
Maria-Theresia Söding|M.-T. Söding
Steve Trommler|S. Trommler
Luisa von Zorbach|L. von Zorbach
Margareta Fischer|M. Fischer
Sigmar Stadelmann|S. Stadelmann
Zlatko Hesse|Z. Hesse
Achim Müller|A. Müller
Ibrahim Kabus|I. Kabus
Jaroslav Lachmann|J. Lachmann
Inge Fiebig|I. Fiebig
Walter zu Mende|W. zu Mende
Alexandre von Huhn und Budig|A. von Huhn und Budig
German Vogt|G. Vogt
Slobodan Bohnbach|S. Bohnbach
Maxim Mälzer|M. Mälzer
Dipl.-Ing. Maren Huhn|M. Huhn
Doreen Dietz|D. Dietz
Regine Hethur|R. Hethur
Dr. Leszek Seidel|L. Seidel
Bayram Ali Bohlander|B.A. Bohlander
Lambert Ullmann|L. Ullmann
Dipl.-Ing. Boris Jopich|B. Jopich
Dipl.-Ing. Bert Henck|B. Henck
Joseph Zahn|J. Zahn
Osman Zobel|O. Zobel
Grete Krebs|G. Krebs
Dr. Sergei Harloff|S. Harloff
Stefano Pergande|S. Pergande
Aldo Käster|A. Käster
Margita Baum|M. Baum
Toni Höfig|T. Höfig
Willy Ruppert|W. Ruppert
Monja Köster|M. Köster
Bastian Freudenberger|B. Freudenberger
Antonie Hermann|A. Hermann
Dipl.-Ing. Gerd Wohlgemut|G. Wohlgemut
Hans-Dieter Hartmann|H.-D. Hartmann
Niels Ritter|N. Ritter
Georg zu Gehringer|G. zu Gehringer
Dipl.-Ing. Hildburg Ernst|H. Ernst
Dipl.-Ing. Luzia von Hiller|L. von Hiller
Ayse Säuberlich|A. Säuberlich
Ivonne Bähr|I. Bähr
Prof. Irmela Scholz|I. Scholz
Dipl.-Ing. Mareike Pechel|M. Pechel
Friedhilde Plath|F. Plath
Lea Huhn|L. Huhn
Edeltraut Ritter|E. Ritter
Thomas Stoll|T. Stoll
Danilo Janus Klemt|D.J. Klemt
Dipl.-Ing. Erna Jungfer|E. Jungfer
Agathe von Ebert|A. von Ebert
Ferdinand Weitzel|F. Weitzel
Sükrü von Ernst|S. von Ernst
Dr. Hertha Birnbaum|H. Birnbaum
Rolf-Peter von Reuter|R.-P. von Reuter
Dittmar Loos|D. Loos
Freya Rosenow|F. Rosenow
Valentina Hänel|V. Hänel
Ivana Geißler|I. Geißler
Helmar Seifert|H. Seifert
Domenico Bender|D. Bender
Prof. Helmar Junck|H. Junck
Michelle Beer|M. Beer
Johanna Sager|J. Sager
Wilma Stahr|W. Stahr
Corinne Reising|C. Reising
Kläre Nerger|K. Nerger
Dipl.-Ing. René Blümel|R. Blümel
Valentin Köhler|V. Köhler
Bert Misicher|B. Misicher
Hans-Jörg Holt|H.-J. Holt
Remo Kambs|R. Kambs
Dipl.-Ing. Rosita Dörr|R. Dörr
Nadeschda Gehringer|N. Gehringer
Wilhelm Harloff|W. Harloff
Hans-Adolf Bohnbach|H.-A. Bohnbach
Anatoli Sandro Weiß|A.S. Weiß
Susann Steuer|S. Steuer
Eugenia Johann|E. Johann
Roselinde Huhn|R. Huhn
Marek Scheel|M. Scheel
Ilja Pergande|I. Pergande
Ursel Etzler|U. Etzler
Sara Häring|S. Häring
Klaus-Dieter Ruppersberger|K.-D. Ruppersberger
Guenter Bohlander|G. Bohlander
Dipl.-Ing. Tabea Ziegert|T. Ziegert
Dagmar Sager|D. Sager
Frank-Michael Reising|F.-M. Reising
Fred Meister|F. Meister
Dipl.-Ing. Christoph Matthäi|C. Matthäi
Dr. Nathalie von Hauffer|N. von Hauffer
Karl-Peter Striebitz|K.-P. Striebitz
Henriette Lorch|H. Lorch
Dipl.-Ing. Martha Hamann|M. Hamann
Eckard Heuser|E. Heuser
Dimitrios Gertz|D. Gertz
Ilja Hamann|I. Hamann
Vincent Döhn|V. Döhn
Tibor Hänel|T. Hänel
Kathy von Klingelhöfer|K. von Klingelhöfer
Edelbert Pieper|E. Pieper
Dipl.-Ing. Harald von Köhler|H. von Köhler
Dipl.-Ing. Eggert Metz|E. Metz
Prof. Ilija Jessel|I. Jessel
Sigfried Jockel|S. Jockel
Dr. Helmtrud Lange|H. Lange
Dr. Ernst-August Seidel|E.-A. Seidel
Dr. Pietro Kuhl|P. Kuhl
Isabella von Bärer|I. von Bärer
Julia Trubin|J. Trubin
Erol Juncken|E. Juncken
Dr. Herlinde Neuschäfer|H. Neuschäfer
Oswald von Hofmann|O. von Hofmann
Dipl.-Ing. Roy Klingelhöfer|R. Klingelhöfer
Pavel Hecker|P. Hecker
Alban Weinhage|A. Weinhage
Songül Pärtzelt|S. Pärtzelt
Toralf Hering|T. Hering
Metin Jähn|M. Jähn
Cordula Putz|C. Putz
Heike Schuster|H. Schuster
Centa Henk|C. Henk
Evelyne Mülichen|E. Mülichen
Niels Döhn|N. Döhn
Dipl.-Ing. Gunter Söding|G. Söding
Alexandre Bolzmann|A. Bolzmann
Harro Radisch|H. Radisch
Magdalena Rose|M. Rose
Heinz-Jürgen Henschel|H.-J. Henschel
Hilda Hörle|H. Hörle
Miguel Spieß|M. Spieß
Valentin Müller|V. Müller
Sören Seidel|S. Seidel
Ottmar Lindner|O. Lindner
Fabienne Barth|F. Barth
Jurij Döhn|J. Döhn
Edeltraut Junken|E. Junken
Sigrid Kraus|S. Kraus
Manfred Gute|M. Gute
Hans-Wilhelm Mielcarek|H.-W. Mielcarek
Jorge Schmidt|J. Schmidt
Hans-Martin Haase|H.-M. Haase
Nikolai Zorbach|N. Zorbach
Maximilian Kreusel|M. Kreusel
Michail Drewes|M. Drewes
Rose-Marie Schuchhardt|R.-M. Schuchhardt
Riza Köhler|R. Köhler
Prof. Janett von Trapp|J. von Trapp
Patric Mies|P. Mies
Traude zu Hofmann|T. zu Hofmann
Arnd Barth|A. Barth
Torsten zu Hörle|T. zu Hörle
Rainer Biggen|R. Biggen
Prof. Helma Oestrovsky|H. Oestrovsky
Erhardt Börner|E. Börner
Hassan von Fröhlich|H. von Fröhlich
Thaddäus Klemt|T. Klemt
Dipl.-Ing. German Birnbaum|G. Birnbaum
Sieghard Holt|S. Holt
Dipl.-Ing. Ekkehard von Haase|E. von Haase
Erna Benthin|E. Benthin
Dipl.-Ing. Süleyman Bohnbach|S. Bohnbach
Hella Bärer|H. Bärer
Prof. Antonius Pechel|A. Pechel
Samir Müller|S. Müller
Dr. Bernadette Oestrovsky|B. Oestrovsky
Axel Carsten|A. Carsten
Sarah Dippel|S. Dippel
Gino Adolph|G. Adolph
Ole Trommler|O. Trommler
Dr. Rotraud Herrmann|R. Herrmann
Dipl.-Ing. Bodo Jonathan Stoll|B.J. Stoll
Prof. Sükrü Henck|S. Henck
Hans-H. Holzapfel|H.-H. Holzapfel
Viktor Harloff|V. Harloff
Tülay Jessel|T. Jessel
Ivan von Henschel|I. von Henschel
Dipl.-Ing. Katy Bärer|K. Bärer
Dipl.-Ing. Janko von Mühle|J. von Mühle
Hans-Albert von Eckbauer|H.-A. von Eckbauer
Hans-Günther Roht|H.-G. Roht
Almut Karge|A. Karge
Steffen von Kambs|S. von Kambs
Suse Kade|S. Kade
Annett Cichorius|A. Cichorius
Heiko Fliegner|H. Fliegner
Rose Fischer|R. Fischer
Xaver Tilman Sylvio Krebs|X.T.S. Krebs
Prof. Kemal Siering|K. Siering
Mechthilde Gierschner|M. Gierschner
Leonie Köhler|L. Köhler
Dr. Heinz Bolander|H. Bolander
Willi Johann|W. Johann
Kati zu Gumprich|K. zu Gumprich
Leyla Niemeier|L. Niemeier
Dr. Janett von Scholl|J. von Scholl
Ingelore Keudel|I. Keudel
Willibald Ritter|W. Ritter
Prof. Elzbieta Reichmann|E. Reichmann
Wencke Hecker|W. Hecker
